artistName,msPlayed
Haywyre,1503.5873833333333
Rogue,1337.0168333333334
ellis,1220.7127666666668
Grant,1148.72045
WRLD,1127.0589333333332
Hallmore,669.3498
Fairlane,667.5494833333333
Half an Orange,653.8692166666667
Fireboy DML,603.3452833333333
Conro,580.2955666666667
JVKE,517.3816
Duumu,514.8690166666667
Seven Lions,509.03451666666666
smle,480.13945
Deanz,466.4028833333333
Trivecta,454.2792
Daxten,426.1856333333333
Ruger,421.0669
Basixx,402.7338
Lost Sky,391.3128
Swif7,356.82353333333333
JJD,325.51023333333336
Aya Nakamura,320.54565
FWLR,319.3648333333333
Mindme,317.0955666666667
Time To Talk,312.8625333333333
BLAEKER,307.58191666666664
Hollywood Principle,289.16218333333336
Lensko,282.4501
Velveteen,258.94686666666666
Wande Coal,248.35381666666666
Kizz Daniel,247.27858333333333
Anevo,239.66531666666666
Maazel,238.01073333333332
Arlow,235.81838333333334
Hoaprox,227.85596666666666
Glacier,218.06448333333333
Snareskin,211.24071666666666
Benson Boone,209.92163333333335
Justin OH,206.31105
CG5,203.30635
DEXTER KING,203.13123333333334
Velee,202.43985
Zack Merci,199.52625
Tom Wilson,192.10048333333333
Throttle,190.69015
Rob Gasser,188.77045
Kovan,188.43941666666666
Johann Sebastian Bach,185.97038333333333
NIGHTCAP,178.44021666666666
Omah Lay,172.89868333333334
melvitto,172.00806666666668
inverness,171.16116666666667
Alder,169.65671666666665
Tape Machines,169.329
Yesable,166.89038333333335
Jungeli,160.01453333333333
Aeden,158.65391666666667
Netrum,157.74996666666667
David Guetta,157.02525
Dmitri Shostakovich,155.62281666666667
Spectrum,153.6718
Hallman,153.39833333333334
Koven,152.75683333333333
Stephen Walking,150.6341
CKay,148.19053333333332
Stromae,146.34065
Lvly,145.02928333333332
Summer Was Fun,141.79478333333333
The Night,141.23223333333334
Ray,140.0757
Cartoon,137.40853333333334
Cinema Kid,136.25961666666666
Janusz Olejniczak,132.88893333333334
Ayra Starr,130.66203333333334
SABAI,130.04258333333334
Tokyo Machine,129.86421666666666
Burna Boy,129.8212
Zanders,128.49038333333334
Pixel Terror,125.5839
LED Monster,124.33488333333334
Axollo,122.28936666666667
Zedd,118.22566666666667
Craig Reever,117.8687
Flux Vortex,117.3291
STIM,115.31433333333334
Killrude,112.9412
PNL,112.91063333333334
Katnip,110.59656666666666
Tails,108.58811666666666
Disero,108.39075
Jim Yosef,107.53796666666666
CLNGR,106.85593333333334
soupandreas,105.82415
Abandoned,105.23661666666666
DESERT STAR,104.93638333333334
Syn Cole,104.0362
Unknown Brain,103.84453333333333
Jack Shore,103.60941666666666
OVSKY,102.96238333333334
Bad Computer,101.74581666666667
Tems,101.17975
Zerb,97.3516
Aiyo,95.84418333333333
Jex,95.30125
Dntless,93.82055
Maleek Berry,93.10496666666667
Olamide,92.78195
Asher Postman,91.61931666666666
Tate McRae,91.45363333333333
Scythermane,91.06966666666666
Forrest Frank,89.53841666666666
Athena,89.18973333333334
Soprano,88.4471
Tayc,87.42278333333333
PLEEG,87.08863333333333
Pheelz,86.63998333333333
Ella Faye,86.40236666666667
Stephan Moccio,85.55305
GIMS,85.41366666666667
Rootkit,82.99105
Ogryzek,82.92358333333334
DJ Mayson,82.31788333333333
Notaker,82.03731666666667
Victony,81.31953333333334
Martin Garrix,80.86971666666666
Afro B,80.78253333333333
Sam Bruno,80.37295
Rema,79.47595
Raccy,78.71148333333333
Ameryh,78.53171666666667
DROELOE,78.15148333333333
jung jaeil,78.01968333333333
LOWBORN,74.80775
Zach Bryan,74.31198333333333
The Chainsmokers,73.8356
Tom Frane,71.44471666666666
Pink Sweat$,71.35333333333334
Insan3lik3,71.10473333333333
Sarz,70.59255
LVTHER,69.90731666666667
Alex Skrindo,69.43505
Rotimi,68.75166666666667
Mitchel Dae,68.18173333333333
Madeon,67.09828333333333
Stonebank,66.3294
SVRRIC,66.1732
Asake,65.91861666666667
Siine,65.28971666666666
Coldplay,64.97251666666666
Heuse,64.91086666666666
Dadju,64.16021666666667
The Weeknd,63.00933333333333
Marino,62.3489
Tyla,61.93266666666667
Billie Eilish,61.86278333333333
Auvic,61.82521666666667
MitiS,61.7329
Lady Gaga,61.21666666666667
Jay Cosmic,60.41035
Kungs,59.7972
Sayfalse,59.38243333333333
Azertion,58.87446666666666
Frédéric Chopin,58.8228
Vicetone,57.62915
Afinity,57.1899
Teddy Swims,56.9797
KATSEYE,56.81948333333333
Ephixa,56.79515
Razorspade,56.50365
Gilbert Montagné,56.030033333333336
Gerry Rafferty,55.86515
NF,55.470083333333335
Travis Scott,54.38491666666667
Facading,53.77575
vaultboy,53.09973333333333
Devin Kennedy,52.77973333333333
Joya Marleen,51.7198
Lil Nas X,50.82078333333333
Radiohead,50.17263333333333
Vicki Vox,49.452016666666665
Raven & Kreyn,48.64475
Vindata,48.6339
Jaslyn Edgar,48.29311666666667
Steve Hartz,48.1499
Solee,47.73781666666667
Ella Henderson,46.7406
Midas the Jagaban,46.48141666666667
Feint,46.26655
OneRepublic,46.2446
Imagine Dragons,46.0224
Lewis Capaldi,45.90148333333333
Justin Caruso,45.8545
JKuch,45.435766666666666
GRAHAM,45.41035
Distrion,44.33115
Audien,43.65175
Babyboy AV,43.373216666666664
Melly Mike,43.21126666666667
spring gang,42.98395
Blanke,42.27321666666667
Franz Liszt,42.21418333333333
Ed Sheeran,41.83606666666667
Libianca,41.77395
Axol,41.560316666666665
Far Out,40.687583333333336
Diamond Eyes,40.4503
HOUSE OF SAY,39.755383333333334
1da Banton,39.69355
Vacancy,39.66231666666667
Taska Black,39.50796666666667
Savoi,38.62318333333333
Crazy Frog,38.506933333333336
L.A.X,38.322633333333336
Olivia Rodrigo,37.84761666666667
Diviners,37.78055
Sabrina Carpenter,37.68098333333333
Robert Schumann,37.595816666666664
Timaya,37.57868333333333
SZA,37.54951666666667
KeBlack,36.880766666666666
Asketa & Natan Chaim,36.21163333333333
Said The Sky,36.09851666666667
William Black,35.59218333333333
Chop Daily,35.19101666666667
Rich Edwards,35.02701666666667
Mark Ambor,34.821783333333336
$werve,34.7396
Lupus Nocte,34.37855
Cleo Kelley,34.34518333333333
Camidoh,34.3361
Over Easy,34.252833333333335
Nicky Youre,34.19518333333333
Claude Debussy,33.78366666666667
Vitaa,33.218183333333336
Kadant,33.14605
Chris James,33.08905
Gabzy,32.887233333333334
Shawn Mendes,32.572316666666666
K-391,32.48275
Stephen Sanchez,32.40108333333333
Henrik,32.3732
Julian Calor,32.1638
Lauren Spencer Smith,31.868733333333335
waykap,31.767616666666665
Lojay,31.555316666666666
dvine,31.295783333333333
Deaf Kev,31.15375
Itro,31.095983333333333
Clean Bandit,30.6842
Tomas Skyldeberg,30.131683333333335
Korede Bello,30.053616666666667
PSY,29.728466666666666
Jagsy,29.562916666666666
David Kushner,29.278566666666666
Terry Zhong,29.260866666666665
Larza,28.907883333333334
ILLENIUM,28.824316666666668
Adekunle Gold,28.721933333333332
SLANDER,28.34401666666667
Connor Kauffman,28.224216666666667
Wolfgang Amadeus Mozart,27.91496666666667
Em Beihold,27.8942
Lyn Lapid,27.765116666666668
Ruth B.,27.69461666666667
Davido,27.666766666666668
Wowkie Da,27.623066666666666
Ceen,27.607916666666668
Brandyn Burnette,27.3716
Carbonne,27.276516666666666
d4vd,27.228233333333332
2NATURAL,27.028016666666666
Johannes Brahms,26.57415
Emmi,26.4595
Knock2,26.356266666666667
Victor Ray,26.32975
Tony Ann,26.282366666666668
RandJess,26.0374
NEFFEX,25.898
The Millennial Club,25.859816666666667
Ryan Mack,25.247233333333334
Josiah Queen,25.188666666666666
Quentyn,25.038
Lartiste,24.9363
Jahyanai,24.932666666666666
Gabriel Fauré,24.901783333333334
Sick Individuals,24.66955
Jason Mraz,24.2946
JZyNo,24.176133333333333
Gabríel Ólafs,24.147016666666666
HHMR,24.023133333333334
Cheque,23.923716666666667
Myles Smith,23.911833333333334
Loving Caliber,23.878966666666667
Mavins,23.843533333333333
Direct,23.727
Squiid,23.72286666666667
Tollef,23.66415
ARTY,23.6593
J.Tajor,23.423383333333334
Pure Indigo,23.380533333333332
AL3JANDRO,23.22458333333333
Oxlade,23.195266666666665
Porter Robinson,23.18563333333333
Max Richter,23.1694
Gotye,23.106533333333335
Robin Hustin,22.980566666666668
Conditional,22.935366666666667
3rd Prototype,22.90355
WALK THE MOON,22.8762
Fonzi M,22.840116666666667
Ayo Maff,22.471466666666668
Joseph Haydn,22.466666666666665
Doechii,22.311933333333332
Dean Lewis,22.135866666666665
RudyWade,22.10305
Yiruma,22.004416666666668
Slushii,21.94425
Kastra,21.9418
Loïc Nottet,21.925916666666666
Tut Tut Child,21.916216666666667
John Michael Howell,21.667616666666667
Major Lazer,21.621066666666668
Djo,21.504616666666667
Nick Smith,21.4167
Reyer,21.4103
Savoy,21.24605
Love Beans,21.200283333333335
Cook & Stans,21.188183333333335
Georgs Pelēcis,21.003066666666665
Sam Feldt,20.9142
Kaskade,20.883583333333334
Tonic Walter,20.84958333333333
Philip Glass,20.75805
Lucenzo,20.7255
Charlie Puth,20.51165
Neoni,20.404183333333332
NAOMI,20.274016666666668
TitoM,20.0714
Dasha,20.021633333333334
Tam Sir,20.0025
Joseph Banowetz,19.971233333333334
Jmilton,19.923133333333332
Alec Benjamin,19.910283333333332
Pétrole Brut,19.666783333333335
Henry Moodie,19.64225
Consolate,19.4163
Crash Adams,19.40915
Victor Thompson,19.394783333333333
Black Gryph0n,19.3816
Camille Saint-Saëns,19.372
Near x Far,19.276733333333333
LIONE,19.211433333333332
Marie Awadis,19.188283333333334
Alexandra Streliski,19.160983333333334
Wizkid,19.1433
Clarx,19.142583333333334
Disturbed,19.0219
Keaton Henson,18.889633333333332
Bayanni,18.826
桜島麻衣(CV:瀬戸麻沙美),18.80425
Suedo,18.75525
Starjunk 95,18.744066666666665
LOSTWIND,18.730016666666668
Laylow,18.5163
Joeboy,18.48
Ice Prince,18.4441
Kid AlpHa,18.440783333333332
Nora En Pure,18.433666666666667
Justin Wellington,18.2857
Alan Walker,18.283183333333334
Teni,18.088583333333332
Sainte Vie,18.029883333333334
Naza,17.93401666666667
Kevin Chung,17.881533333333334
Daft Punk,17.834533333333333
Vaance,17.831733333333332
King Serenity,17.761116666666666
Noah Kahan,17.657833333333333
LeGrand,17.595783333333333
Keepsake,17.583666666666666
Primex,17.55255
SPINALL,17.467916666666667
Charly Black,17.440266666666666
NTO,17.282083333333333
Hoober,17.252333333333333
Josef Mysliveček,17.243333333333332
Disfigure,17.156933333333335
George Frideric Handel,17.141866666666665
Chris Later,17.093166666666665
Ludwig van Beethoven,17.030633333333334
ELFL,17.016733333333335
P-Square,16.932283333333334
Layto,16.781266666666667
Dua Lipa,16.725933333333334
Harry Styles,16.7239
Ajebo Hustlers,16.696983333333332
Tesher,16.558533333333333
Odeal,16.467116666666666
Blaiz Fayah,16.454616666666666
Soundz,16.39785
Víkingur Ólafsson,16.321783333333332
Tinlicker,16.274966666666668
The Kid LAROI,16.190583333333333
Notch,16.170666666666666
Tharanee,16.15315
Vincent Lagaf',16.11755
Township Rebellion,16.107083333333332
Mazare,16.105
Wejdene,16.091666666666665
Dyro,16.08128333333333
ÉWN,16.07695
Laufey,15.970016666666666
QMIIR,15.95175
MAX,15.836916666666667
D.Meletis,15.712116666666667
BCMP,15.628233333333334
FAVE,15.5942
Bob Sinclar,15.579483333333334
Kalash,15.559966666666666
ivycomb,15.47235
Loreen,15.32845
k?d,15.18015
Dhruv,15.163233333333332
Avicii,15.089683333333333
kamome sano,15.031916666666667
BUNT.,14.99195
Alex LeMirage,14.990783333333333
Kanye West,14.753716666666667
ISHAN,14.631633333333333
Hatik,14.585766666666666
Ludovico Einaudi,14.50395
Brook Xiao,14.497083333333334
Scotch,14.3937
Alicia Keys,14.350333333333333
Gym Class Heroes,14.253966666666667
Highlnd,14.229516666666667
Ólafur Arnalds,14.220216666666667
Nomra,14.084133333333334
Ben Böhmer,14.016516666666666
Conan Gray,13.827
Eternxlkz,13.68545
LeDorean,13.6522
Michael Marcagi,13.5835
Bruno Mars,13.465983333333334
Riton,13.460766666666666
Paul Garzon,13.4468
Runtown,13.437183333333333
Corneille,13.436266666666667
John Field,13.432916666666667
Andy Delos Santos,13.427833333333334
Maroon 5,13.350883333333334
Zara Larsson,13.338433333333333
Britt Lari,13.236133333333333
Justin Bieber,13.087766666666667
Sam Smith,13.078583333333333
IZECOLD,13.041183333333333
Falling North,12.986083333333333
Autumn Kings,12.975533333333333
Caleb Hearn,12.953
Skybreak,12.882
Cougar MacDowall,12.841483333333333
Valentin Silvestrov,12.798
ACRAZE,12.77855
Yetep,12.674633333333333
Andreas Hauschild,12.633433333333333
Ola Gjeilo,12.605216666666667
Wildcrow,12.5547
Dave,12.526883333333334
Richy Mitch & The Coal Miners,12.456816666666667
Alex Warren,12.4094
AJ Dispirito,12.397533333333334
Busy Signal,12.32515
Chance Peña,12.2902
Rome in Silver,12.259433333333334
Maurice Ravel,12.213333333333333
Hozier,12.209383333333333
Womria,12.175816666666666
Bryan Adams,12.1661
Syence,12.051766666666667
Vanished,12.018166666666668
Agents Of Time,11.985116666666666
demotapes,11.932566666666666
Almost Weekend,11.901233333333334
Nakama,11.889866666666666
Rosa Linn,11.87445
SKIY,11.843466666666666
Elephante,11.842983333333333
Spencer Brown,11.80405
Bohnes,11.761933333333333
benny blanco,11.756266666666667
Paul Russell,11.631983333333332
Just A Gent,11.531083333333333
Wiz Khalifa,11.47625
Master KG,11.4204
shams,11.3239
Ariana Grande,11.2591
Protostar,11.223633333333334
Nathan Evans,11.20455
Erland Cooper,11.192116666666667
32Stitches,11.097583333333333
Orelsan,11.091316666666666
Marwa Loud,11.08215
Ruzer,11.062033333333334
LONOWN,11.044016666666666
Edvard Grieg,11.03865
Astra,11.033483333333333
Worakls,11.013933333333334
Johnny Nash,10.9822
ZEG P,10.95935
Smaven,10.955566666666666
Guillaume de Machaut,10.8715
Julia Carbajal,10.827366666666666
Tyler Shaw,10.781366666666667
Uglyburger0,10.7428
Kygo,10.7411
Køsk Skriner,10.7174
Antonio Roberto,10.648266666666666
More Plastic,10.6267
3LAU,10.594183333333334
Franz Schubert,10.574233333333334
SilentCrafter,10.53295
Mangoo,10.5125
Rodsyk,10.480566666666666
Mahaleo,10.43345
Rangga Jones,10.375
Tiwa Savage,10.369833333333334
Felix Mendelssohn,10.293
Tom Odell,10.264433333333333
Elton John,10.228116666666667
Franglish,10.16305
EDDIE,10.096866666666667
Naps,10.04155
REAPER,9.942716666666668
Andrah,9.929883333333333
BEAUZ,9.925416666666667
Ebba,9.91755
WiDE AWAKE,9.8894
Wilfred Fredig,9.88795
Magic System,9.868833333333333
Flame Runner,9.863266666666666
Fréro Delavega,9.856683333333333
Bracket,9.849883333333333
Lost Frequencies,9.83875
Carole Fredericks,9.795383333333334
CYRIL,9.789966666666666
Wiguez,9.745183333333333
Oliver,9.744366666666666
Wind Walkers,9.73235
KiDi,9.7221
Skiibii,9.721616666666666
Eminem,9.67705
Carl Philipp Emanuel Bach,9.670083333333332
Linkin Park,9.655316666666666
Thylacine,9.620133333333333
Kevin Lyttle,9.6053
Sarkodie,9.604333333333333
Seeb,9.562216666666666
Stellar Luminous,9.548383333333334
Klemens Werner,9.475216666666666
Bnxn,9.46435
Unicorn Heads,9.44965
Yarden,9.43085
A-Star,9.370783333333334
Bakar,9.325333333333333
Innersloth,9.29935
G Curtis,9.190233333333333
Alexander Borodin,9.180583333333333
MXZI,9.178783333333334
Daddy Yankee,9.135166666666667
Paperboy Fabe,9.11785
Herr Lang,9.107233333333333
Ascence,9.100216666666666
Olivia Belli,9.099183333333333
June Freedom,9.045866666666667
Hania Rani,8.99
Grace Williams,8.987533333333333
Joseph O'Brien,8.984716666666667
Young Jonn,8.929116666666667
Victor Massé,8.925766666666666
Sans Souci,8.827683333333333
cassö,8.823933333333333
Zero Hero,8.812
Connor Price,8.79855
Rebecca Black,8.747933333333334
Johannes Bornlöf,8.701133333333333
Matisse & Sadko,8.685933333333333
NAZAKEBLACK,8.67095
Kenya Grace,8.643183333333333
Level 8,8.6134
Calema,8.607433333333333
MYRNE,8.6055
Oussama,8.6011
Shaboozey,8.56455
Koffee,8.55725
Michael Jackson,8.4618
elijah woods,8.460433333333333
Alok,8.430866666666667
The Depreciation Guild,8.422883333333333
Dasloe,8.351933333333333
Amber Sky,8.2585
George Ezra,8.212233333333334
OBOY,8.210433333333333
Mackenzy Mackay,8.206483333333333
Gazo,8.1844
VOILÀ,8.1718
Chaka Demus & Pliers,8.166666666666666
Craig Isto,8.16
Syd Matters,8.147866666666667
Alexander 23,8.1266
Stereoclip,8.107416666666667
Rvssian,8.107083333333334
Camila Cabello,8.101866666666666
Iyanya,8.0813
Aizu,7.991133333333333
Regnør,7.97515
Hartness,7.949083333333333
Central Cee,7.9375
Vanic,7.93425
Aero Chord,7.91595
Hero Named Nerd,7.8929
SVMP,7.889216666666667
Romen Jewels,7.870666666666667
Deorbiting,7.869383333333333
Steve Lacy,7.8527
Emei,7.84235
Driks,7.805316666666666
Darkoo,7.8
French Montana,7.7967
OBLVYN,7.793833333333334
Music Lab Collective,7.779566666666667
BOLEMVN,7.7748
Vance Joy,7.766766666666666
Otto Virell,7.737133333333333
Spice,7.70755
Voninavoko,7.6988666666666665
marc indigo,7.6838
Ann Clue,7.661116666666667
Tyga,7.640333333333333
Pérotin,7.530516666666666
The Beatles,7.5262
Fanny Mendelssohn,7.520716666666667
Carly Rae Jepsen,7.506916666666666
American Authors,7.496333333333333
Céline Dion,7.485016666666667
The Living Tombstone,7.465583333333333
Train,7.4565166666666665
Claudia Kelley,7.453683333333333
EMIN,7.441533333333333
Veldas,7.393833333333333
Édith Piaf,7.318216666666666
Philipp Wolf,7.292483333333333
Franz Gordon,7.2922666666666665
Sultan + Shepard,7.291666666666667
Neo Noir,7.26725
Hank Sky,7.264433333333334
Ross-Emanuel Steven Bayeto,7.25065
SVDKO,7.197316666666667
El Mundo,7.194983333333333
DeeWunn,7.19
HYBS,7.1824666666666666
Aviella,7.166833333333333
Fordo,7.153766666666667
Artemas,7.1257
Codeko,7.1126
OLWIK,7.0973
Rudimental,7.058666666666666
James Arthur,7.048866666666667
Squeezie,7.028616666666666
Hazbin Hotel,7.015783333333333
Demarco,7.013733333333334
Werenoi,7.006016666666667
Laback,6.974933333333333
LandBreaker,6.956183333333334
James Hype,6.955666666666667
Toofan,6.9111
Dermot Kennedy,6.898666666666666
mavo,6.882333333333333
Taron Egerton,6.881233333333333
Praiz,6.866733333333333
ALLY,6.8579
Lunaar,6.8548
Machel Montano,6.8276
Ramz,6.827533333333333
Trauzers,6.826666666666667
ALESTI,6.8036666666666665
Anna Yvette,6.781166666666667
5 Seconds of Summer,6.780566666666667
Mentissa,6.756633333333333
Ember Island,6.734166666666667
SYML,6.733333333333333
KAROL G,6.730666666666667
Frerick Den Haan,6.7125
Nuit Incolore,6.706716666666667
Ashe,6.7005333333333335
Joep Beving,6.692066666666666
Part Native,6.6496
Schumann,6.6421166666666664
Dominic Strike,6.606066666666667
Avenza,6.593733333333334
Indila,6.568716666666667
Midranger,6.55585
Henry Purcell,6.52655
Josh Bogert,6.511316666666667
Romain Garcia,6.491483333333333
Tiakola,6.4894
Third Person,6.476183333333333
Tommy Richman,6.473733333333334
Jackson Guthy,6.472733333333333
INNERVERSE,6.466666666666667
Stereo Express,6.465416666666667
Le Rat,6.456033333333333
JAMIIE,6.433966666666667
Pretty Pink,6.422766666666667
Ofenbach,6.398983333333334
Skeru,6.396583333333333
Merlinsyoshi,6.384483333333334
Jeck,6.379166666666666
Clara Schumann,6.362233333333333
Qeeo,6.3614
Chrissy Costanza,6.331283333333333
Fourth Co.,6.3011333333333335
LAY,6.291666666666667
Matt Sassari,6.288116666666666
Rhyaene,6.2847
Muni Long,6.266666666666667
Cedric Gervais,6.2501
Ryan Prewett,6.22585
Vybz Kartel,6.19255
Stephan Bodzin,6.176
Duncan Laurence,6.1715333333333335
Chico Rose,6.079283333333334
Ciel,6.0714
STOMACH BOOK,6.063933333333333
Jogga,6.059533333333333
Ron Flatter,6.026
sma$her,6.014233333333333
Shadrow,6.0
Lennart Schroot,5.9874833333333335
Arcando,5.9704
Chuck New,5.955533333333333
BENNETT,5.938533333333333
Maryn,5.936733333333334
Carl Zeer,5.936533333333333
Natasha Bedingfield,5.914316666666667
Teejay,5.892283333333333
SDM,5.891533333333333
Favé,5.870666666666667
Snakywine,5.862
Pink South,5.8528
KSI,5.836783333333333
Joy Meyer-Williams,5.828566666666666
Anonymous,5.816516666666667
Matt Hansen,5.8082666666666665
ilyhiryu,5.803233333333333
TOKYOSLEEP,5.779716666666666
Cian Ducrot,5.751566666666666
Tiësto,5.741733333333333
MC L da Vinte,5.723066666666667
TV Girl,5.71365
Alex G,5.711483333333334
Trinix,5.708783333333334
Manuel Ponce,5.70405
Lil Dicky,5.702383333333334
RAFFFA,5.6681333333333335
Kezah,5.666166666666666
Paris Blohm,5.656
Jane & The Boy,5.643766666666667
little purr man,5.6344666666666665
S1mba,5.5972
Peter Warlock,5.5715
Gracie Abrams,5.543333333333333
Patrick Hizon,5.532666666666667
Adriatique,5.508333333333334
Good Kid,5.48285
Sadie Jean,5.469366666666667
Lost storys,5.468066666666667
Trinix Remix,5.453
Costa Titch,5.451316666666667
UB40,5.442916666666667
NUEKI,5.43445
Sound Of Legend,5.386183333333333
The Lumineers,5.336566666666666
Coi Leray,5.336383333333333
BBG's,5.333333333333333
HUNTR/X,5.32385
Leonz,5.31775
Max Bruch,5.300333333333334
Jensation,5.286883333333333
Jason Robert,5.269833333333334
Galexis,5.268533333333333
Avenged Sevenfold,5.245333333333333
Hulk Van JMF,5.216666666666667
Noah Cyrus,5.203533333333334
Lynx XII,5.2022
Phileas Galle,5.191066666666667
FLOTE,5.188416666666667
Tale Of Us,5.1831
Definition,5.171266666666667
Repsaj,5.14965
Noisestorm,5.149033333333334
Glass Animals,5.1467833333333335
Rhodz,5.13755
Jerry Marcoss,5.136
Rossy,5.116716666666667
Soar,5.094483333333334
TheFatRat,5.0796833333333336
Harry Bloom,5.078433333333333
Creeds,5.0771
Gabriel Yared,5.06875
Marnik,5.052966666666666
Ava Max,5.02765
Jason Derulo,4.995516666666667
LDRR,4.98125
Gorillaz,4.962766666666667
BestBud,4.94795
U2,4.9371
4 Non Blondes,4.92555
Magnus Hartman,4.917
Coco & Breezy,4.915333333333334
Jeremy Soule,4.90475
Cherries & Daydreams,4.901566666666667
Heuss L'enfoiré,4.900233333333333
Jipo,4.858333333333333
Pireas,4.835716666666666
Noah Moon,4.807133333333334
Auðura,4.8071166666666665
Strive to Be,4.803
Napolia,4.800166666666667
Soul Button,4.78585
Mack H.D,4.7858
Elektronomia,4.778183333333334
Makassy,4.7741
Mimber,4.768666666666666
sammy rash,4.7554
GIANT,4.751166666666666
Jonth,4.744483333333333
Catas,4.695966666666667
Carluccio,4.6708
TOTO,4.659933333333333
Kyle Reynolds,4.633583333333333
Nu Aspect,4.62885
The Alan Parsons Project,4.604666666666667
Kirabuo,4.602566666666666
Neon Tide,4.58915
Kevin MacLeod,4.562416666666667
Youssoupha,4.561816666666667
Tekno,4.561566666666667
Cooper Hill,4.560583333333334
A7S,4.550766666666667
Georg Philipp Telemann,4.546883333333334
TRASHXRL,4.529933333333333
Whitney Houston,4.5182166666666665
Sionya,4.512833333333333
Richome,4.486483333333333
Kubbi,4.483516666666667
Gabry Ponte,4.4391
Mary J. Blige,4.4311
Zaho,4.3996
Et Anima,4.352766666666667
Emberwaves,4.3425666666666665
James Bay,4.342216666666666
Calum Scott,4.3380833333333335
Deep Club,4.320016666666667
Oskar Merikanto,4.3029
Eric Carmen The Non Binary Sandman,4.30215
Elley Duhé,4.280283333333333
Frank Zeising,4.2801833333333335
Carl Ditters von Dittersdorf,4.266
TINNA,4.263866666666667
StarBoy,4.260133333333333
John Ember,4.2522
Vanilla Ice,4.2411
Taylor Swift,4.230416666666667
Hugues Aufray,4.22425
H11T,4.2225
Tall Towers,4.216833333333334
Nomad Spector,4.208333333333333
bluescape,4.173733333333334
Jain,4.1726
Aiden Archer,4.166916666666666
Barkérby,4.153783333333333
Leon Lour,4.144566666666667
yetep,4.1326
NateWantsToBattle,4.12985
Clément Janequin,4.1247
Isabelle Boulay,4.118633333333333
Joel Corry,4.097716666666667
Felaniary,4.095883333333333
Michael Bolton,4.075933333333333
Christoph Willibald Gluck,4.072216666666667
A$AP Rocky,4.0624666666666664
Axel Oliver,4.038966666666667
ehren,4.0296
Haddadi Von Engst,4.024033333333334
Cyndi Lauper,4.022216666666667
Klanglos,4.016166666666667
X-Man,4.0002
RC AVENUE,4.0
Kali Uchis,3.9970833333333333
ZAYN,3.9833333333333334
Jaymes Young,3.962
Oliverse,3.9564333333333335
Lukas Graham,3.955
Miller + Howell,3.908166666666667
Enrique Granados,3.905866666666667
DJ Tons,3.9
Icehunt,3.8879
Gyptian,3.88755
Fuse ODG,3.8709166666666666
ANGL,3.860516666666667
Diam's,3.8573333333333335
Majestic,3.8529666666666667
Orlande de Lassus,3.846216666666667
Courtney Barnett,3.8426666666666667
Matt Houston,3.8249333333333335
Hamza,3.8231
Marian & Sean,3.753833333333333
Captainsparklez,3.7401333333333335
KlangTherapeuten,3.7372
Kaivon,3.7333333333333334
Daydreamer,3.731733333333333
Mainterm,3.7311666666666667
Johann Baptist Vanhal,3.7248833333333335
Takayoshi,3.7192166666666666
Ceasar,3.71595
Crayon,3.68695
WHIPPED CREAM,3.6805333333333334
Alex Hagen,3.6683166666666667
skyemane,3.6672
jahmiel,3.66175
Nicki Minaj,3.658333333333333
Backstreet Boys,3.6548666666666665
Miravaldini,3.65
Antonio Vivaldi,3.629583333333333
Jet Trouble,3.6149
Jamie Nugent,3.60655
Sigvaldi Kaldalóns,3.60355
KB Le Roi,3.5879
Hulvey,3.5808333333333335
KRNCHY,3.5643333333333334
Big Mj,3.5617833333333335
Christopher Martin,3.55755
Europa United,3.5543666666666667
T. Rex,3.5425833333333334
Rosendale,3.5227166666666667
Domenico Scarlatti,3.4882
TOKYOPHILE,3.471
Alexa Lusader,3.469
Tame Impala,3.46755
Gunna,3.46705
Madison Beer,3.4657666666666667
Young T & Bugsey,3.463766666666667
Meet Me @ The Altar,3.4616333333333333
Niels Wang,3.4541666666666666
Klur,3.4508666666666667
Casting Crowns,3.44
Kadenza,3.43375
DJ Snake,3.4324333333333334
Eelke Kleijn,3.418283333333333
Zubi,3.4166666666666665
Grizzly Bear,3.4162166666666667
Isabelle Taylor,3.4145666666666665
Lauv,3.4118666666666666
Dillon Francis,3.41165
Alex Hobson,3.4109166666666666
Imanbek,3.4087666666666667
Bamby,3.4063
DJ Khaled,3.4028833333333335
James Clarke,3.3827333333333334
Lipless,3.38215
Nao,3.3771
Orbiter,3.375983333333333
The Script,3.37555
Halsey,3.361
Gyakie,3.36
Dominic Fike,3.3562166666666666
Traditional,3.3559833333333335
Claudio Monteverdi,3.3553166666666665
Fly Project,3.3498666666666668
Samoela,3.3459833333333333
Sekai,3.3320166666666666
OddKidOut,3.32625
JPB,3.3197833333333335
Betterment,3.317066666666667
Skinny Fabulous,3.317
Kes,3.3142833333333335
Slovak Philharmonic,3.3111
Frenna,3.3053833333333333
WSTRN,3.2941166666666666
shae,3.29325
ROSÉ,3.2895666666666665
Arina Ferora,3.283333333333333
Alvaro Pascoal,3.283333333333333
Particle House,3.2819
ANDROMEDA,3.276483333333333
Culture Code,3.2697333333333334
Sam Fischer,3.2624166666666667
Yanns,3.2622333333333335
Bruce Springsteen,3.251333333333333
DANIEL KACHAMBA,3.243716666666667
Dylan Gossett,3.240666666666667
The Waked,3.239333333333333
Vince Clarke,3.2305
John Williams,3.225633333333333
Ravndala,3.2224
Jamie Miller,3.222166666666667
Spada,3.2085
NORRA,3.1903333333333332
Marshmello,3.18985
Macklemore & Ryan Lewis,3.1861333333333333
Fools Garden,3.1837666666666666
Roots and Recognition,3.1788333333333334
Didrick,3.17135
Jack Back,3.1623833333333335
Florrie,3.1611166666666666
Empire Fall,3.1590166666666666
Lucas Riggio,3.158933333333333
Isaak Young,3.146733333333333
Sula Black,3.14555
Gradur,3.14355
ENHYPEN,3.1388666666666665
Serani,3.1366666666666667
Olakira,3.13265
Adam de la Halle,3.12705
Nathan Dawe,3.1257333333333333
ZUHAIR,3.12155
Edvard Kravchuk,3.111683333333333
Juelz,3.106
Mac DeMarco,3.1036333333333332
LSPLASH,3.0999333333333334
Stellar,3.0935333333333332
Munn,3.0933333333333333
Lucky Lorry,3.091066666666667
STRLGHT,3.086133333333333
21 Savage,3.0839333333333334
Soap&Skin,3.0808
Johannes Ockeghem,3.0776666666666666
Arndt Goudier,3.0635833333333333
Blaq Jerzee,3.0580666666666665
Lena Raine,3.0467
AK,3.0418
Fally Ipupa,3.0366666666666666
Lorenzo Balzotti,3.0365166666666665
BABYMETAL,3.03435
Purple Disco Machine,3.0246166666666667
Lulu Helensworth,3.0231
Oblivion,3.02255
Nors Kode,3.0180166666666666
Francis Cabrel,3.017733333333333
A-GON,3.0157333333333334
Internet Money,3.0119
CHINCHILLA,3.0111166666666667
Aiobahn,3.0101
SMPLY T,3.00625
NAV,2.989516666666667
Mauvais Roger,2.987616666666667
Roy Orbison,2.9822166666666665
K'NAAN,2.978066666666667
Valedictorian,2.9776833333333332
Charmaine D'Avis,2.975
NCTS,2.9692166666666666
Alexis Ffrench,2.969116666666667
Lake Isabel,2.9652666666666665
Mykyl,2.9625
Adam Port,2.959966666666667
Davignon,2.9553833333333333
Matthew Mayer,2.9550833333333335
nowifi,2.9547666666666665
kinshū_91,2.9525
Chris Brown,2.949333333333333
Janet Bolt,2.943783333333333
Shape Of Our Dreams,2.937333333333333
Eden,2.9357166666666665
Alex Yurkiv,2.9350666666666667
Ezra Santos,2.93335
John Mark Pantana,2.924383333333333
DTF,2.92115
Adam Pearce,2.9171
Subtle Realms,2.914283333333333
Vacra,2.9138166666666665
Henri Ratsimbazafy,2.9111
Yume,2.908933333333333
RudeLies,2.8849666666666667
Max Allais,2.884
Bazzi,2.868133333333333
Joaquín Rodrigo,2.8666666666666667
TryBetter,2.86365
Selena Gomez,2.8609166666666668
L2B,2.8601
Jawsh 685,2.8562333333333334
Bob Dylan,2.8550833333333334
Feenixpawl,2.852333333333333
GSPR,2.8521666666666667
Pontiver Bogross,2.8514
Garden Collective,2.8429
Forrest.,2.842016666666667
ELEVATION RHYTHM,2.8392166666666667
QLM Jolem Sanchez,2.83495
Andy Mineo,2.83305
Punctual,2.8209666666666666
Doug Saint,2.8169
Josef Briem,2.8090166666666665
Pháo,2.806033333333333
Lstn,2.80515
12dust,2.7887333333333335
Tyler Miller,2.7845666666666666
Rowen Ellis,2.7838333333333334
TrashAssMusic,2.7826833333333334
Lasmid,2.781416666666667
Shay,2.77755
Oracle Sisters,2.776683333333333
Becky G,2.7754833333333333
Yeah Yeah Yeahs,2.7725833333333334
Daya,2.770366666666667
Nora Van Elken,2.769216666666667
Thee Sacred Souls,2.7647333333333335
Domani Fendi,2.7636333333333334
LAWANII,2.7611333333333334
Alva Brunel,2.759316666666667
Valcos,2.75905
Ember Nova,2.7587
sxxnt.,2.75675
Shania Twain,2.7552833333333333
Niklas Dee,2.7549166666666665
Anomalie,2.7480166666666666
Alle Farben,2.7475666666666667
Naima,2.741416666666667
Dominique Charpentier,2.73595
elijah,2.7320166666666665
Macklemore,2.7303
Pop Smoke,2.7274666666666665
Jonas Gewald,2.7198
Franco Robert,2.716666666666667
Ir Sais,2.7149
Iben Haugen,2.7142833333333334
The Dawning,2.7124166666666665
Carufo,2.7098666666666666
Jervis Campbell,2.7052
Alisky,2.702916666666667
Sheet Music Boss,2.702166666666667
ZOE Music,2.694733333333333
DYGO,2.6923666666666666
DYSTINCT,2.6917666666666666
Bon Jovi,2.68995
Hers Lake,2.68505
Trinidad Cardona,2.6813333333333333
Lux Holm,2.677
LUM!X,2.677
Bebe Rexha,2.675483333333333
Amélie Doret,2.6666666666666665
Deepest,2.6663666666666668
Adam La Nuit,2.6525
Mariposa,2.65
Christopher Dicker,2.645983333333333
Dawe Natauk,2.642733333333333
Beyoncé,2.6389
Meticulous,2.6277666666666666
Milo Veran,2.6269833333333334
Equilibrium,2.622916666666667
OBL1VX,2.6220833333333333
Ever So Blue,2.6187666666666667
Cijon,2.6153833333333334
Latoya Waczee,2.6031833333333334
Tay Iwar,2.60195
Tones And I,2.5959333333333334
kirkiimad,2.595833333333333
MIKOLAS,2.5907833333333334
Adam Waldau,2.5898666666666665
Yvnnis,2.587483333333333
Swedish House Mafia,2.5776666666666666
Ric Hassani,2.573733333333333
Ambrosiae,2.57185
Beren Olivia,2.56735
Tim Karlsen,2.566666666666667
Silly Walks Discotheque,2.5593333333333335
Cosmologica,2.54615
Mists in citys,2.5386
Apollo Vision,2.5378166666666666
Day Blue,2.533333333333333
Tom Gregory,2.5311833333333333
Savione,2.5221833333333334
PLK,2.51255
Claude Goudimel,2.5014833333333333
Dr. Yaro,2.49685
Anne-Marie,2.4942166666666665
bbno$,2.492366666666667
Johnny Stimson,2.4745333333333335
Dinosaur Jr.,2.4700333333333333
Strings And Heart,2.4669333333333334
Louaminé,2.4657666666666667
Magixx,2.46
Wendie Solomon,2.4589166666666666
Cole Neumann,2.4587333333333334
Emcee KB,2.4566166666666667
Alexis Pavot,2.4541666666666666
H4RRIS,2.45
FOLA,2.4368666666666665
-Prey,2.435566666666667
Knóws,2.432166666666667
J Balvin,2.4275333333333333
The Yené,2.4235166666666665
Jules Walcott,2.4170666666666665
Mae Stephens,2.4134333333333333
Lany Mokita,2.3869166666666666
Robotaki,2.3859
Pallendum,2.3822833333333335
Raude,2.3788833333333335
Alesso,2.37795
Constance Lucas,2.3661833333333333
6ix9ine,2.3661666666666665
Charlie Blue,2.3593166666666665
Jazzos,2.357666666666667
Ólafur Apollo,2.3571333333333335
August Sands,2.35445
Evan Ford,2.3529333333333335
Koven Wei,2.3529333333333335
novi quiet,2.35135
Vampyx,2.347916666666667
Seijaku,2.3442
Theo Ember,2.342633333333333
MHD,2.334616666666667
Elysar,2.3345333333333333
Galantis,2.3335166666666667
Lucky Dropout,2.3333333333333335
Kevin Quinn,2.3311166666666665
Julius Nilsson,2.3295166666666667
Gunnel Boek,2.3286166666666666
Marc-Antoine Charpentier,2.3231
Kiara Leonard,2.3229
Antoine Di Luzio,2.3082
Jack Harlow,2.30685
Alexander Stewart,2.3066666666666666
Alex Blackwood,2.3024833333333334
Georges Bizet,2.3
Fly By Midnight,2.2975166666666667
Simone,2.2973
Kristian Kamp,2.2967833333333334
Tamara Eden,2.2958333333333334
Serenity Within,2.28875
Here At Last,2.2884166666666665
Paper Skies,2.2883166666666668
TWISTED,2.2866666666666666
Starstrum,2.2804
Naditrice,2.27695
Víolet Dawn,2.276683333333333
Francine Gaétane,2.2759833333333335
Foster Zeta,2.27105
Miriam Raye,2.2666666666666666
Justine Nova,2.2604
Lucas van Kesteren,2.254
William Reed,2.2466666666666666
Far & Beyond,2.2438
Nolan Khan,2.2411
The Flower Code,2.236483333333333
Albin Svensson,2.2354166666666666
Dash Berlin,2.2341333333333333
Fabrizio Gallo,2.2319333333333335
Spicyverse,2.2306666666666666
Deerhunter,2.2277666666666667
ATRIP,2.22705
Eberina,2.2238333333333333
The Still Hour,2.221616666666667
Chris Nordlinger,2.2207833333333333
slone,2.22065
Eagle Lake,2.220083333333333
Richard Fairlie,2.216666666666667
HILLEVI,2.216666666666667
Selren,2.21015
Gajaka,2.2092
Casimir Roux,2.208483333333333
Lil Tecca,2.20605
Lumen Atlas,2.19535
Daniil Le Russe,2.192
Otto Noir,2.1845166666666667
Jesse Porter,2.1822833333333334
Maureen,2.180266666666667
Pete McMurray,2.1792833333333332
Caleb Gordon,2.1764666666666668
Astral Reunion,2.175
Özone One,2.175
Kabusa Oriental Choir,2.1714333333333333
Luiza Schmidt,2.1688833333333335
Li Zemin,2.1638166666666665
The Aiko,2.1619
Celesete Cooper,2.14075
Kodak Black,2.140083333333333
Carmelito,2.1218833333333333
Aestivum,2.11875
Massimo Pavoni,2.104816666666667
Vaughn Harrison,2.1024
Hojean,2.1
Ellen Wince,2.0787166666666668
Shenseea,2.07525
Natalie Jane,2.0728833333333334
Morunas,2.068983333333333
Space Access,2.067466666666667
Gambi,2.0641
Rad Cat,2.0612666666666666
DR MØB,2.0595
Jax,2.059466666666667
South To Somewhere,2.04125
Free Fall,2.039266666666667
ItsArius,2.0277333333333334
Dear Amore,2.025166666666667
Tom Kalani,2.007216666666667
SOLOMON,2.0044666666666666
Etne Skiöld,2.0032833333333335
Simon & Garfunkel,1.9913
Sposato,1.9751
Deon Custom,1.9744666666666666
Synymata,1.9732
Eric Clapton,1.96925
Russ,1.9574333333333334
Don Ready,1.9478333333333333
Kelsey Breedlove,1.9343166666666667
Rihanna,1.92235
Fred Russ,1.91275
Francis Flo,1.8904666666666667
"Tyler, The Creator",1.8673
Georges Lonque,1.8666666666666667
Lø Spirit,1.8438666666666668
ZXKAI,1.8050833333333334
Subfer,1.8037666666666667
Jakey KRUMM,1.80125
Myles Jaeger,1.7959166666666666
Michel Teló,1.7809666666666666
Roddy Ricch,1.7800166666666666
LaLion,1.7534833333333333
Charli xcx,1.75155
tofû,1.7469
Puppet,1.7312666666666667
Leony,1.7253666666666667
BNXN,1.7230833333333333
R/J,1.7201666666666666
Don Toliver,1.7171166666666666
Leah Kate,1.6928
MVSTERIOUS,1.6875666666666667
Sara Skinner,1.6795666666666667
NIVIRO,1.6725
Irokz,1.63625
Caslow,1.6115166666666667
Andrea Romano,1.611
Kim Sungsoo,1.604
VESK GREEN,1.6033333333333333
Blagoje Bersa,1.6031
Luciano,1.6011666666666666
Shy'm,1.5988666666666667
Tekvision,1.5849166666666668
PEGGY,1.57725
It's Different,1.5709333333333333
CARSTN,1.564
Wawa Salegy,1.55905
Modjo,1.5516333333333334
The Trashmen,1.5153666666666668
Oliver Ólafsson,1.4824333333333333
Rod Stewart,1.48195
Miley Cyrus,1.4808833333333333
Paige Boyd,1.4769166666666667
Mao Ze Dong,1.4703
Nateki,1.4612666666666667
Teide,1.45785
Philippe de Vitry,1.4428166666666666
Mo Falk,1.4383333333333332
Meghan Trainor,1.4200333333333333
Rascal Flatts,1.4114833333333334
MEMBA,1.40995
Sugar Blizz,1.4093666666666667
Tritonal,1.3899666666666666
German Folk Regiment,1.38325
Sam Brodie,1.3789333333333333
CHPTR.,1.3707666666666667
Lorenzo,1.3585666666666667
Michael Giacchino,1.3533333333333333
AdhesiveWombat,1.3516333333333332
The Lorax Singers,1.3501
HYLO,1.3395166666666667
Dynoro,1.3390166666666667
Champion,1.3228833333333334
Passenger 10,1.2992
Nelsvn,1.2944166666666668
Martin Arteta,1.2696333333333334
Hanumankind,1.2643166666666668
CRIST99,1.2641166666666668
Jul,1.2523666666666666
PXLWYSE,1.24235
Dada Life,1.23875
Bo Burnham,1.2302166666666667
Sineself,1.2258833333333334
Jan Blomqvist,1.1973666666666667
Solven,1.1724333333333334
Pegboard Nerds,1.1689833333333333
MOLIY,1.16125
Dips And Daps,1.14735
Justin Timberlake,1.1391833333333334
Jartisto,1.12965
DEGrande,1.1289
Gnarls Barkley,1.1269333333333333
Xaia,1.1262666666666667
Jhung,1.1221333333333334
McQueen,1.1036333333333332
Tobu,1.0937666666666668
DVRST,1.0924833333333333
"Grover Washington, Jr.",1.0872833333333334
Foster The People,1.0871166666666667
"Earth, Wind & Fire",1.0578333333333334
Penguin Piano,1.0526166666666668
Dire Straits,1.0513
JOYCA,1.0459666666666667
Ricchi E Poveri,1.04075
El Chombo,1.04025
Sia,1.0347333333333333
Léonin,1.0319666666666667
Bishu,1.0194833333333333
International Orchestra,1.0147
ROHY NK,1.0143166666666668
Bakermat,1.0134333333333334
Dan Morrissey,1.0086166666666667
SXMPRA,1.0062166666666668
Foreign Figures,1.0059833333333332
TrackTribe,0.9946333333333334
Proppa,0.9905333333333334
Lysander,0.9713666666666667
Dom Dolla,0.9546666666666667
LOCKBOX,0.94855
Wurme,0.9465833333333333
Mord Fustang,0.9388333333333333
CHASHKAKEFIRA,0.9294166666666667
ATLXS,0.9251666666666667
Leat'eq,0.91125
Lay Bankz,0.9078166666666667
bo en,0.8913833333333333
ZeratoR,0.8881666666666667
Peter Plate,0.8871
Limbo,0.8864166666666666
Dabin,0.88245
rhianne,0.8793
Gamma Skies,0.8700333333333333
DJ JBK,0.8642833333333333
where are you?,0.8524666666666667
Dion Timmer,0.8471333333333333
fwd/slash,0.8465666666666667
DJ Shahzad,0.8266833333333333
will.i.am,0.8181
Øneheart,0.8128
Onevilage,0.80425
Astraye,0.7755666666666666
Rednex,0.7470333333333333
Regal Noise,0.7338666666666667
sapientdream,0.7251666666666666
A Boogie Wit da Hoodie,0.715
Liv del Estal,0.6884666666666667
Phonk Killer,0.6849833333333334
AVAION,0.6828166666666666
Haasy,0.6822
MGD,0.6652333333333333
Atlas,0.6541166666666667
firstclasslikealways,0.64755
One Direction,0.63815
Dama,0.6336
Sketchez,0.61905
Mullaha,0.5987833333333333
Sean Paul,0.582
SLUMBERJACK,0.575
DJ FKU,0.57425
beabadoobee,0.5677166666666666
Eric Christian,0.56585
Shakira,0.56145
Kendrick Lamar,0.5603666666666667
ONY9RMX,0.5603666666666667
Yb Wasg'ood,0.5603166666666667
Musical Neurosurgeon,0.5584333333333333
Tanger,0.5557333333333333
noturgf,0.5379333333333334
Oliver Tree,0.5375833333333333
Morii,0.5287333333333334
Luke Muzzic,0.5259166666666667
Duolingo,0.5255333333333333
Ecchi.mp4,0.52375
Therapie TAXI,0.5149833333333333
Janji,0.5140833333333333
Regina Spektor,0.5116
OMI,0.50735
Batterie Fanfare De La Garde Républicaine,0.5069666666666667
Mariah Carey,0.5048833333333334
Sevdaliza,0.5034666666666666
Brand New,0.5031
Robert Kocinszky,0.5026333333333334
AronChupa,0.5019
Ceis,0.49496666666666667
Jon Batiste,0.4938
R. City,0.49193333333333333
trxndsetter,0.4839
DJ易拉罐,0.48235
Dyan Dxddy,0.4817666666666667
Fransis Derelle,0.481
Hotel Ugly,0.4801166666666667
Farruko,0.47608333333333336
Mc Livinho,0.4716666666666667
Kanine,0.46825
Cafe Disko,0.46586666666666665
Gremwave,0.45475
Leonell Cassio,0.45316666666666666
bxkq,0.4470166666666667
A_A_RonHD,0.4433666666666667
Mechagnome,0.4432333333333333
Drugdealer,0.4427333333333333
Pesničky pre deti band,0.43851666666666667
Lil Skies,0.43733333333333335
Kesha,0.43696666666666667
Wild Cards,0.43625
Felon,0.43061666666666665
GAYLE,0.42993333333333333
Alien,0.42865
ILLIT,0.4282666666666667
BadBoyHalo,0.4278
MKTO,0.4266666666666667
BOSKY,0.42033333333333334
Parannoul,0.41408333333333336
Arcade Player,0.41368333333333335
Catiso,0.4111666666666667
DJ Meek,0.40853333333333336
VaporVice,0.40745
Maretu,0.40673333333333334
Lil Big Stack,0.40568333333333334
Hylna,0.4051666666666667
Dolphin Smiling,0.40491666666666665
Trois Cafés Gourmands,0.40253333333333335
ptasinski,0.39853333333333335
Calvin Harris,0.38866666666666666
Launch13,0.3885
Japhyre,0.38515
Calum Bowen,0.38506666666666667
Tsu Nami,0.3819
Bemax,0.3773166666666667
Tony Romera,0.37033333333333335
Erik Satie,0.36891666666666667
Katja Werker,0.3662166666666667
Tim Beeren,0.3652166666666667
AK AUSSERKONTROLLE,0.36373333333333335
NERO,0.3631333333333333
mommygrant,0.3615833333333333
Nomi XD,0.36088333333333333
ByAstral,0.35946666666666666
Fatal Bazooka,0.35873333333333335
Black Eyed Peas,0.3580333333333333
Matt Simons,0.3559
Jack Johnson,0.35525
Charles-Marie Widor,0.35035
PRAANA,0.34941666666666665
SadBois,0.3438
JT Music,0.3428833333333333
Env,0.33436666666666665
0to8,0.33235
Beboite,0.33071666666666666
Nicolas Binder,0.33066666666666666
MADZI,0.3277833333333333
succducc,0.3274
David Win,0.32326666666666665
Bankai,0.32315
Zack Gray,0.3157
TWINSICK,0.31346666666666667
Arno,0.3132333333333333
Aqua,0.3132
Leah Culver,0.3118166666666667
oco.,0.31133333333333335
Baq5,0.30765
Parry Gripp,0.3000833333333333
スイートバレット,0.29985
yung kai,0.2984
RODZILLA,0.2983
Scott Buckley,0.29368333333333335
Falst,0.29225
Collen,0.29218333333333335
GAMPER & DADONI,0.2869333333333333
Saint Clue,0.28636666666666666
silvershore,0.2825
Tears For Fears,0.2779
P C III,0.27746666666666664
KEPIK,0.2757
GameTunes,0.27268333333333333
Hush,0.26595
spellcasting,0.26045
Soha,0.2523166666666667
Peter Schilling,0.2513666666666667
Rick Astley,0.24816666666666667
adore,0.24501666666666666
DJ Balli,0.24495
Zerevo,0.2442
NECROLX,0.24263333333333334
Syzz,0.24121666666666666
MayTree,0.23836666666666667
Pierre de la Rue,0.23825
Jhay Rivas,0.238
Nick Ledesma,0.23373333333333332
Creepa,0.23296666666666666
Johnny Chay,0.23236666666666667
Mative,0.23075
Kirby HateBerry,0.2257
XXXTENTACION,0.22558333333333333
Helsloot,0.21866666666666668
Luisa Marion,0.21865
BLACKPINK,0.2157
Never Forget Me,0.21386666666666668
Billy Joel,0.20728333333333335
ID,0.202
AZURE,0.19751666666666667
Abstrakt,0.19675
Dobré,0.19626666666666667
Park Minjoo,0.19308333333333333
Jackie-O,0.19195
Die Bibel,0.1895
Tomatow,0.1873
Hans Zimmer,0.18701666666666666
Lena,0.17933333333333334
Didi Bhakti Prabha Ji,0.17761666666666667
if found,0.17761666666666667
Nightsirens,0.17761666666666667
ZODIVK,0.17568333333333333
Fewz,0.17453333333333335
Mike Perry,0.17451666666666665
Dalic,0.17263333333333333
NURKO,0.17243333333333333
just valery,0.16911666666666667
Ken Carson,0.16853333333333334
Christopher Fitzgerald,0.16631666666666667
Roman Nasenmensch,0.16601666666666667
4URA,0.16566666666666666
Gala,0.15866666666666668
S3BZS,0.1584
Sebastian Kamae,0.15501666666666666
C418,0.15395
Lost Stars,0.15206666666666666
Mattilo,0.15146666666666667
EDEN,0.14861666666666667
Fido,0.14831666666666668
Arcane,0.14706666666666668
Digitalz,0.14628333333333332
Sexion d'Assaut,0.14628333333333332
SXID,0.14548333333333333
Misutra,0.144
Outkast,0.14008333333333334
RAYE,0.13866666666666666
LongestSoloEver,0.13776666666666668
Damiano David,0.13653333333333334
Double-F the King,0.13475
joyful,0.13108333333333333
BONNIE X CLYDE,0.13001666666666667
Marco Van Bassken,0.12731666666666666
Hikaru Shirosu,0.12716666666666668
2KE,0.12693333333333334
Robin Thicke,0.12538333333333335
Cheat Codes,0.1246
Chiyan Wong,0.12371666666666667
Jeremy Blake,0.123
Luwop,0.12168333333333334
Armin van Buuren,0.1216
Laura Shigihara,0.11946666666666667
AR/CO,0.11808333333333333
Funkadelic,0.11796666666666666
Chansons Françaises,0.11493333333333333
iñigo quintero,0.1127
Brichapik & Randjess,0.11266666666666666
CrossTheHeart,0.1107
Axell 4X,0.1099
Friendzone,0.10928333333333333
Stephen Rippy,0.10816666666666666
h6itam,0.1068
SharaX,0.10595
Hoang,0.10538333333333333
TALONS,0.10388333333333333
Blaqbonez,0.10061666666666666
Richard Caddock,0.10021666666666666
d2s1,0.09983333333333333
Ganja White Night,0.09828333333333333
S4nri0,0.09721666666666667
Idina Menzel,0.09673333333333334
LXNGVX,0.0949
Hyuman,0.09443333333333333
Colm R. McGuinness,0.09345
Slimane,0.0929
Doja Cat,0.0903
TWO LANES,0.08995
Piano Vampire,0.08675
Noelle Johnson,0.08435
Zeph,0.08211666666666667
Duster,0.08165
Two Friends,0.0805
Angèle,0.07813333333333333
Calogero,0.07786666666666667
Francesco Misseri,0.07785
Rogers & Dean,0.07625
FLOW,0.07585
Johann Debussy,0.07546666666666667
Magentium,0.07391666666666667
Other Nothing,0.07378333333333334
Whales,0.0724
KNYY,0.07181666666666667
Jean Sibelius,0.07131666666666667
Öwnboss,0.06896666666666666
GhostDragon,0.06838333333333334
Dama of Mahaleo,0.0681
Aye Bay,0.06801666666666667
Diane Arkenstone,0.0679
Sj,0.06555
dwilly,0.06431666666666666
Gryffin,0.06375
Milli Hughes,0.0615
Tinoma,0.06113333333333333
Kyle Allen Music,0.058666666666666666
Solomon France,0.05801666666666667
The Noisy Outdoors,0.05475
Grant Bowtie,0.053783333333333336
Slow J,0.053783333333333336
Angrybaby,0.0535
Sub Focus,0.05301666666666666
Milva,0.05301666666666666
Jafiki,0.05225
Geek Music,0.04906666666666667
Disco Fries,0.04836666666666667
Gia Margaret,0.04763333333333333
Surf Mesa,0.0476
Lov$ki,0.0455
So Sus,0.042216666666666666
SEVENTEEN,0.038033333333333336
Monstercat,0.038033333333333336
Hayase Nagatoro,0.038033333333333336
Gem & Tauri,0.03751666666666666
Synthwave Goose,0.037333333333333336
BOY,0.03705
Phaera,0.0359
Gigi Perez,0.03518333333333333
Bazzi vs.,0.031733333333333336
HyunA,0.03163333333333333
Nil Martorell,0.030566666666666666
Frau Pauli,0.030233333333333334
Red Comet,0.029783333333333332
demxntia,0.02915
Two Much!,0.02785
Silva Hound,0.0267
Siir,0.0267
HoloZEN,0.02666666666666667
FIFTY FIFTY,0.02666666666666667
ODESZA,0.026316666666666665
HuBee,0.02515
TARI,0.024983333333333333
Kehlani,0.024
SativaMusic,0.022433333333333333
TOKiMONSTA,0.021666666666666667
Fells,0.019733333333333332
Miles Davis,0.01895
Vintage & Morelli,0.0174
Frank Miami,0.017366666666666666
Julian Gray,0.017016666666666666
Gippeul,0.01635
Pierre Garnier,0.015866666666666668
Melano,0.014316666666666667
MUZZ,0.014316666666666667
Complexive,0.013916666666666667
AALLAR,0.01345
_chris elrik,0.01315
Veres,0.01315
Aldenosaur,0.012433333333333333
Nina Chuba,0.011733333333333333
Konshens,0.011016666666666666
Subtact,0.01085
Elline Day,0.010666666666666666
BRKLYN,0.010433333333333333
APEK,0.009666666666666667
ODECORE,0.009233333333333333
AK 33,0.0064
Elliot Airest,0.0038666666666666667
Warriyo,0.00115
Melosense,0.0
Brennan Wolf,0.0
Walk off the Earth,0.0
MEDZ,0.0
Sinclair,0.0
Anyma,0.0
Jared Minnix,0.0
Sonic Journey,0.0
A Touch Of Class,0.0
